EmployeeID,Age,Department,JobRole,YearsAtCompany,MonthlyIncome,Education,WorkLifeBalance,OverTime,JobSatisfaction,Attrition
1,50,Marketing,Accountant,6,6700,2,2,Yes,4,0
2,36,Sales,Accountant,4,13655,1,5,No,2,0
3,29,Marketing,Sales Executive,18,12359,1,1,Yes,5,0
4,42,Marketing,Sales Executive,9,6893,3,5,Yes,4,1
5,40,IT,Marketing Manager,17,9811,4,3,Yes,3,0
6,44,HR,Accountant,13,12288,2,5,No,2,0
7,32,Sales,HR Specialist,15,5679,2,2,Yes,2,0
8,32,IT,Sales Executive,17,13039,3,1,Yes,5,0
9,45,HR,Marketing Manager,13,6904,3,2,Yes,5,0
10,57,HR,Accountant,16,10260,3,3,No,1,0
11,45,Finance,Accountant,4,3504,5,2,No,1,1
12,24,Sales,HR Specialist,5,12813,5,2,Yes,1,1
13,43,HR,Marketing Manager,5,13664,5,2,Yes,5,0
14,23,IT,Accountant,9,13738,1,4,No,1,0
15,45,Finance,Sales Executive,17,12579,2,3,No,1,0
16,51,Sales,HR Specialist,13,14186,4,2,Yes,3,0
17,59,Marketing,Marketing Manager,2,9773,1,2,Yes,1,0
18,23,IT,HR Specialist,13,6816,2,2,No,2,1
19,42,HR,Sales Executive,19,3717,2,1,No,5,0
20,54,HR,Marketing Manager,3,14676,3,4,Yes,4,0
21,33,IT,HR Specialist,10,7434,3,1,No,3,1
22,43,HR,Software Engineer,2,3658,1,4,Yes,5,1
23,46,Finance,Sales Executive,13,8057,3,2,Yes,5,0
24,48,Sales,Sales Executive,19,7008,2,3,Yes,2,0
25,49,Finance,Sales Executive,17,7994,3,5,No,1,0
26,37,HR,Software Engineer,14,7234,5,5,Yes,2,0
27,36,Marketing,Software Engineer,12,6764,3,2,Yes,1,0
28,24,Sales,Accountant,12,14181,2,1,No,1,0
29,58,Sales,HR Specialist,11,7637,1,3,No,5,1
30,28,IT,Accountant,7,5104,4,4,Yes,1,0
31,42,IT,HR Specialist,4,12447,3,2,Yes,3,0
32,30,Marketing,Software Engineer,19,9801,2,3,No,3,0
33,39,Sales,Software Engineer,1,13674,4,3,No,3,0
34,25,Marketing,Accountant,3,11575,4,4,No,5,1
35,46,IT,Marketing Manager,13,5607,5,3,Yes,2,0
36,35,IT,Accountant,15,11385,4,1,Yes,4,0
37,30,Sales,HR Specialist,2,14999,2,1,Yes,1,0
38,47,Finance,Accountant,11,6719,2,1,No,4,0
39,23,HR,Sales Executive,4,5581,3,3,Yes,2,0
40,41,IT,HR Specialist,19,5565,3,1,No,2,0
41,49,IT,HR Specialist,17,5763,3,4,Yes,5,0
42,28,Finance,Marketing Manager,3,13990,4,3,No,3,0
43,29,Finance,Software Engineer,18,9328,4,5,Yes,3,0
44,56,Marketing,HR Specialist,8,8991,5,3,Yes,2,1
45,35,Marketing,Software Engineer,19,13531,3,4,No,5,1
46,38,HR,Accountant,5,6406,1,5,No,5,0
47,57,HR,Sales Executive,7,11923,5,3,Yes,1,0
48,25,Sales,Marketing Manager,8,14064,1,1,No,3,0
49,23,Marketing,Software Engineer,5,14312,4,2,No,2,0
50,27,IT,HR Specialist,17,7780,5,2,Yes,4,0
51,25,Marketing,Software Engineer,5,7177,5,1,No,3,1
52,50,IT,HR Specialist,4,9476,2,2,Yes,1,1
53,39,Finance,Software Engineer,19,5604,4,2,Yes,5,0
54,47,Marketing,HR Specialist,2,11181,4,1,No,2,0
55,55,Finance,Accountant,11,5382,5,1,No,3,1
56,31,HR,HR Specialist,13,3531,4,3,Yes,4,1
57,57,HR,HR Specialist,15,9079,5,3,Yes,1,0
58,35,Sales,Sales Executive,12,3634,2,1,Yes,1,0
59,52,Marketing,HR Specialist,11,12961,5,4,Yes,3,0
60,36,Finance,Sales Executive,7,14996,4,2,Yes,4,0
61,29,IT,Marketing Manager,5,13562,4,3,Yes,1,0
62,35,HR,Sales Executive,17,3002,5,2,No,2,0
63,44,HR,Accountant,9,11397,5,5,No,1,0
64,42,IT,Sales Executive,14,8951,5,1,No,4,0
65,37,Finance,Marketing Manager,12,13813,3,4,Yes,5,0
66,39,Finance,Accountant,6,8626,4,5,No,5,0
67,45,Marketing,Software Engineer,17,10739,4,5,Yes,3,1
68,47,Marketing,Software Engineer,19,9003,3,5,Yes,4,1
69,46,Sales,Sales Executive,19,5890,5,1,No,1,0
70,50,HR,Sales Executive,16,14385,2,3,Yes,1,0
71,36,Marketing,Marketing Manager,12,13858,5,1,Yes,5,1
72,22,Finance,Marketing Manager,12,9239,5,3,Yes,5,0
73,46,IT,HR Specialist,6,11026,3,5,Yes,2,0
74,28,Finance,Marketing Manager,4,6306,4,5,Yes,5,0
75,30,HR,HR Specialist,6,3897,5,4,Yes,2,0
76,45,Finance,Accountant,11,12277,4,3,No,1,0
77,22,Sales,Sales Executive,1,12471,1,5,Yes,2,1
78,29,HR,Accountant,15,3670,4,2,Yes,2,0
79,45,IT,Marketing Manager,11,10291,2,4,Yes,3,0
80,32,Sales,Accountant,19,4505,2,1,Yes,5,1
81,38,HR,Accountant,18,9460,5,4,No,2,0
82,29,IT,Accountant,17,14767,4,2,No,1,0
83,56,Sales,Marketing Manager,19,8167,5,3,Yes,4,0
84,56,Sales,Accountant,14,13147,3,1,Yes,2,0
85,54,HR,HR Specialist,18,8255,2,1,Yes,5,0
86,26,Marketing,Marketing Manager,19,3249,5,3,No,3,0
87,49,Sales,Accountant,15,9457,3,4,No,1,0
88,28,Sales,Marketing Manager,15,4892,5,5,No,3,0
89,30,IT,Software Engineer,4,6439,4,4,No,4,0
90,29,Finance,HR Specialist,7,13045,4,2,Yes,2,0
91,33,HR,Accountant,13,5854,4,5,No,2,0
92,55,HR,Software Engineer,3,12695,4,4,No,5,0
93,54,Marketing,Software Engineer,16,14577,1,3,Yes,2,0
94,44,Marketing,Marketing Manager,9,14763,3,2,Yes,1,1
95,45,HR,Software Engineer,8,6792,3,2,No,4,0
96,58,Marketing,HR Specialist,13,14618,4,2,No,3,0
97,56,IT,HR Specialist,17,8330,1,5,No,4,0
98,43,HR,Sales Executive,17,10871,4,1,No,2,0
99,48,Marketing,HR Specialist,17,11235,1,5,Yes,3,0
100,56,HR,Software Engineer,1,6612,4,4,Yes,5,1
101,22,Finance,HR Specialist,8,5618,2,1,No,4,1
102,56,Sales,Marketing Manager,19,7678,2,4,No,3,0
103,58,HR,Sales Executive,6,6163,5,1,No,3,0
104,35,Sales,Software Engineer,3,12480,4,5,No,3,0
105,24,Marketing,Sales Executive,5,5942,3,2,No,1,0
106,22,Sales,Software Engineer,13,11411,5,3,Yes,4,0
107,26,HR,Marketing Manager,15,4925,2,2,Yes,3,0
108,47,Finance,Sales Executive,14,5972,4,5,Yes,4,1
109,35,Marketing,Accountant,16,14705,5,1,No,3,0
110,48,HR,Software Engineer,18,13640,4,2,No,5,0
111,30,Marketing,Accountant,11,14663,2,5,Yes,5,0
112,36,IT,Sales Executive,3,13966,5,4,Yes,5,0
113,36,Sales,Accountant,10,3990,2,3,No,2,0
114,47,IT,Accountant,10,14138,1,2,Yes,3,1
115,34,HR,Sales Executive,16,4812,2,1,No,2,0
116,53,Finance,Marketing Manager,12,11995,4,4,No,4,0
117,53,Marketing,Accountant,2,3489,3,5,Yes,2,0
118,25,Sales,Accountant,9,14748,2,3,Yes,4,0
119,51,Marketing,Marketing Manager,3,8876,3,1,Yes,4,1
120,58,HR,Accountant,15,12685,1,5,No,4,0
121,44,Marketing,Accountant,3,6645,5,5,No,2,0
122,36,Sales,Accountant,19,10081,5,2,Yes,3,1
123,50,HR,HR Specialist,18,5891,3,2,No,2,0
124,57,Marketing,Marketing Manager,8,12897,5,1,No,3,0
125,34,Finance,Accountant,17,6516,2,5,No,3,0
126,53,HR,Marketing Manager,8,6340,3,2,Yes,4,1
127,28,HR,Software Engineer,7,9410,4,3,No,2,0
128,43,Finance,Software Engineer,7,3053,2,3,Yes,3,0
129,49,IT,Accountant,3,5575,2,5,Yes,5,0
130,23,Sales,Marketing Manager,1,14783,2,2,No,3,0
131,27,IT,Marketing Manager,4,3615,4,1,Yes,5,0
132,49,Marketing,Marketing Manager,5,8944,1,1,No,2,0
133,49,Finance,HR Specialist,1,10404,5,1,Yes,2,0
134,41,IT,Software Engineer,15,3954,3,3,Yes,2,0
135,51,HR,Marketing Manager,5,13625,1,2,No,3,0
136,32,Marketing,Marketing Manager,13,4629,3,2,Yes,1,0
137,49,Marketing,HR Specialist,8,13973,5,3,Yes,3,1
138,46,IT,HR Specialist,8,9859,4,1,Yes,3,0
139,54,IT,Marketing Manager,5,11841,2,1,No,4,0
140,22,Finance,Sales Executive,9,13539,2,5,No,4,0
141,48,Sales,Marketing Manager,1,6278,4,4,Yes,3,0
142,34,IT,Marketing Manager,4,8455,1,2,Yes,5,1
143,24,IT,HR Specialist,3,13832,1,2,Yes,4,1
144,27,HR,HR Specialist,2,6801,3,2,No,3,1
145,29,Marketing,Marketing Manager,8,5561,4,4,No,1,0
146,48,Sales,Marketing Manager,9,14441,1,5,Yes,5,0
147,30,HR,Marketing Manager,2,9539,4,4,No,2,0
148,58,Finance,HR Specialist,14,3370,5,1,No,3,0
149,54,Finance,Marketing Manager,14,3857,2,1,No,3,0
150,45,IT,Marketing Manager,4,7886,2,2,No,5,1
151,36,IT,Accountant,6,10485,2,3,Yes,4,0
152,53,Finance,Sales Executive,11,3383,4,2,No,4,0
153,53,IT,Software Engineer,3,13744,4,3,No,4,0
154,45,Sales,Sales Executive,8,7334,3,4,Yes,2,1
155,33,IT,Accountant,3,7290,2,1,Yes,5,0
156,23,Marketing,Software Engineer,14,5725,3,3,No,5,0
157,24,IT,Marketing Manager,13,14485,2,4,No,4,1
158,58,HR,Accountant,13,9204,3,1,Yes,4,0
159,38,Sales,Marketing Manager,2,9111,3,3,Yes,1,0
160,23,HR,HR Specialist,13,7251,5,2,Yes,1,0
161,23,HR,Accountant,19,3922,3,2,No,3,0
162,49,Marketing,HR Specialist,6,5915,4,2,No,3,1
163,44,Sales,Accountant,16,14142,3,4,Yes,5,0
164,58,Sales,Accountant,2,10957,2,2,No,5,0
165,53,Sales,HR Specialist,8,6046,3,5,Yes,2,0
166,54,Sales,Software Engineer,17,12166,1,1,No,2,0
167,22,Sales,Sales Executive,2,4230,2,4,Yes,1,0
168,40,Marketing,Marketing Manager,10,13627,1,2,Yes,3,0
169,23,IT,Accountant,16,10647,2,1,No,1,0
170,47,HR,Marketing Manager,6,13006,4,3,No,1,0
171,53,Sales,HR Specialist,2,14126,4,2,No,3,1
172,27,IT,Marketing Manager,2,7933,4,1,No,2,0
173,53,IT,HR Specialist,13,12555,1,5,No,3,0
174,25,HR,Marketing Manager,15,6940,5,3,No,4,0
175,32,Marketing,Sales Executive,2,9483,2,5,Yes,4,1
176,38,Finance,Sales Executive,7,3203,4,1,No,4,0
177,59,Finance,Sales Executive,3,3160,2,5,Yes,5,0
178,45,IT,Sales Executive,8,11960,1,1,Yes,2,0
179,26,HR,Sales Executive,14,6748,5,1,No,2,0
180,55,Finance,Sales Executive,7,9718,1,5,Yes,5,0
181,27,IT,HR Specialist,7,5581,2,1,Yes,1,1
182,43,Marketing,Accountant,1,4093,5,2,No,4,1
183,32,Finance,Marketing Manager,17,7500,5,1,No,4,0
184,37,IT,Sales Executive,9,11799,1,4,No,1,0
185,54,IT,HR Specialist,13,8710,4,1,Yes,3,0
186,30,Sales,HR Specialist,19,12732,2,4,No,3,0
187,27,Marketing,HR Specialist,19,5875,3,1,No,2,1
188,37,Sales,Accountant,17,6191,3,1,No,5,0
189,50,HR,Marketing Manager,10,4837,1,5,No,2,0
190,24,Sales,Accountant,10,3689,2,2,Yes,3,0
191,41,Sales,Software Engineer,4,6759,2,2,No,1,0
192,57,Finance,HR Specialist,8,14141,1,3,Yes,2,0
193,40,IT,Software Engineer,18,5103,2,5,No,4,0
194,47,Marketing,Sales Executive,14,3365,4,5,Yes,4,0
195,24,Sales,Sales Executive,18,14767,1,2,Yes,1,1
196,40,Marketing,Accountant,14,11092,4,5,Yes,3,0
197,41,Sales,Marketing Manager,15,7172,2,2,No,4,0
198,53,HR,Software Engineer,4,9033,1,5,Yes,4,0
199,28,Sales,Marketing Manager,13,5378,2,1,No,5,0
200,54,Finance,Accountant,8,4205,1,2,No,2,0
201,39,IT,Sales Executive,18,7988,2,2,No,3,0
202,22,HR,Marketing Manager,12,8669,4,4,No,2,0
203,32,Sales,Marketing Manager,14,5735,4,5,No,3,0
204,49,Marketing,Sales Executive,2,14539,2,5,Yes,4,1
205,46,HR,Software Engineer,18,12867,1,2,No,5,0
206,44,HR,Sales Executive,2,11490,3,1,Yes,2,0
207,52,Sales,Marketing Manager,11,3956,4,1,Yes,4,0
208,51,HR,Software Engineer,9,12306,4,1,Yes,3,0
209,56,Marketing,Software Engineer,12,9623,3,5,Yes,2,0
210,28,HR,Sales Executive,17,13697,2,4,Yes,2,1
211,37,Marketing,Marketing Manager,15,4474,1,2,Yes,4,0
212,47,Sales,Accountant,17,7460,2,3,Yes,2,1
213,23,IT,Marketing Manager,18,10002,5,4,No,5,0
214,22,HR,HR Specialist,6,14918,4,3,Yes,5,0
215,33,IT,Accountant,17,14663,5,4,No,4,0
216,26,Marketing,Software Engineer,18,9396,4,1,Yes,3,1
217,58,HR,Accountant,8,5828,4,5,Yes,4,0
218,53,Finance,Software Engineer,9,5850,5,3,Yes,5,1
219,30,IT,Software Engineer,6,13698,5,4,Yes,1,1
220,56,HR,Accountant,5,14962,2,5,No,1,1
221,40,IT,Software Engineer,12,5964,5,3,No,2,0
222,37,HR,Software Engineer,11,7594,2,2,No,2,0
223,24,Sales,HR Specialist,1,12141,2,4,Yes,1,0
224,41,IT,Marketing Manager,11,9644,2,2,Yes,5,0
225,45,Finance,Marketing Manager,19,5850,4,1,Yes,2,0
226,54,Finance,HR Specialist,9,3165,4,2,No,4,0
227,45,Marketing,Accountant,2,14678,5,2,Yes,4,0
228,32,HR,Sales Executive,12,13701,4,4,No,5,0
229,29,IT,Sales Executive,4,3919,5,1,No,2,0
230,57,Marketing,Sales Executive,4,11305,4,2,Yes,4,0
231,59,IT,HR Specialist,18,6504,1,5,Yes,2,0
232,41,HR,HR Specialist,15,3991,1,3,No,2,0
233,56,Finance,Software Engineer,19,9047,5,2,No,4,0
234,46,Sales,Sales Executive,13,6839,4,1,No,1,0
235,56,Finance,Accountant,19,4258,4,2,Yes,4,0
236,46,Marketing,Accountant,17,10609,2,3,Yes,5,0
237,50,Sales,Sales Executive,6,14618,3,1,Yes,3,0
238,39,Marketing,Sales Executive,16,11706,5,4,Yes,4,0
239,39,HR,Sales Executive,12,7804,3,1,Yes,2,0
240,23,Sales,HR Specialist,19,14388,3,4,Yes,2,0
241,56,Marketing,HR Specialist,5,13776,5,1,No,4,0
242,37,HR,HR Specialist,17,3067,4,3,No,3,0
243,57,Finance,Marketing Manager,1,12788,5,3,No,4,0
244,54,HR,Accountant,10,8660,3,1,Yes,3,0
245,25,IT,Accountant,15,7478,4,2,No,3,0
246,54,HR,Software Engineer,11,11210,1,3,Yes,5,0
247,35,HR,HR Specialist,13,13922,5,4,Yes,2,0
248,42,IT,Marketing Manager,5,6521,5,4,No,2,0
249,41,Marketing,Marketing Manager,1,3572,4,5,Yes,3,0
250,29,Marketing,Accountant,12,10082,1,4,No,2,0
251,28,HR,HR Specialist,11,10832,1,5,No,1,1
252,24,IT,Software Engineer,17,8395,4,1,Yes,3,0
253,38,IT,HR Specialist,4,5258,2,1,No,2,0
254,54,Finance,Sales Executive,15,14094,5,1,No,1,0
255,33,Marketing,HR Specialist,9,9039,5,2,No,5,0
256,43,Sales,Sales Executive,19,3650,3,2,No,2,1
257,43,Marketing,Sales Executive,19,8741,4,5,Yes,1,0
258,51,Marketing,Software Engineer,12,9838,3,4,No,4,0
259,59,Finance,Accountant,5,5587,3,4,No,4,1
260,59,Sales,HR Specialist,10,10876,1,1,No,1,0
261,29,Finance,Sales Executive,17,6262,5,3,Yes,3,0
262,48,Sales,HR Specialist,5,4338,3,2,No,3,1
263,48,HR,Accountant,16,7996,1,2,Yes,2,0
264,55,Sales,Accountant,7,14826,4,1,No,4,0
265,42,Finance,Marketing Manager,9,8780,3,2,No,3,0
266,51,Marketing,Accountant,3,5827,5,1,No,3,0
267,54,Sales,Software Engineer,15,8232,3,5,Yes,4,0
268,49,Sales,Sales Executive,16,5217,4,4,Yes,5,1
269,54,IT,Marketing Manager,18,6539,3,3,Yes,3,0
270,26,Marketing,Software Engineer,14,10845,5,4,Yes,1,0
271,40,HR,HR Specialist,3,12229,1,4,Yes,2,1
272,25,Finance,Sales Executive,12,7383,5,5,Yes,3,0
273,56,HR,Accountant,9,5961,1,2,No,3,0
274,38,Marketing,Sales Executive,7,6226,2,3,Yes,5,0
275,49,Sales,HR Specialist,9,9837,5,2,No,1,1
276,51,Sales,Marketing Manager,13,10031,5,4,Yes,2,1
277,50,Marketing,Marketing Manager,18,12290,4,1,Yes,3,0
278,27,Sales,Marketing Manager,5,13516,3,4,Yes,2,0
279,56,Sales,Accountant,13,12131,1,2,No,4,0
280,58,Sales,Software Engineer,4,6716,1,4,Yes,3,1
281,45,Finance,Software Engineer,2,6414,4,1,Yes,3,0
282,50,Finance,Sales Executive,16,4448,4,5,No,4,0
283,52,IT,Accountant,9,3570,3,2,No,5,1
284,56,HR,Marketing Manager,9,5904,3,4,No,3,0
285,54,Marketing,Marketing Manager,6,5505,5,2,No,2,0
286,42,Marketing,HR Specialist,11,3917,2,5,Yes,1,0
287,53,Marketing,HR Specialist,1,13066,3,4,No,2,0
288,44,IT,Marketing Manager,4,9982,4,4,Yes,5,0
289,54,Finance,Marketing Manager,13,10427,3,2,Yes,1,1
290,24,IT,Accountant,13,9336,1,2,No,2,0
291,39,Marketing,Software Engineer,13,4678,2,1,Yes,2,0
292,46,HR,HR Specialist,2,3615,5,5,No,4,0
293,52,Sales,Software Engineer,9,12941,1,1,Yes,5,0
294,24,Finance,Accountant,8,10086,1,4,No,4,0
295,45,Finance,Marketing Manager,7,13669,2,2,No,1,0
296,53,IT,Software Engineer,4,7749,5,4,No,4,1
297,43,Finance,Marketing Manager,18,6505,4,4,No,5,0
298,44,Marketing,Marketing Manager,3,14667,5,3,No,3,0
299,23,Marketing,Sales Executive,6,7529,3,3,No,3,0
300,48,IT,Software Engineer,12,4135,1,4,Yes,1,1
301,23,Marketing,Software Engineer,12,11566,3,2,Yes,3,0
302,47,HR,Marketing Manager,8,10226,4,4,Yes,4,0
303,38,IT,Accountant,1,8162,3,3,No,1,0
304,54,HR,Sales Executive,4,3206,5,2,Yes,5,1
305,30,Sales,Marketing Manager,11,7875,3,4,No,1,0
306,50,HR,HR Specialist,3,4319,4,5,Yes,1,0
307,47,Sales,HR Specialist,13,4141,4,5,Yes,2,0
308,56,Sales,Sales Executive,17,7627,4,4,No,2,0
309,46,HR,Accountant,10,10389,5,2,Yes,1,0
310,45,IT,Marketing Manager,12,5690,4,4,Yes,3,0
311,34,Marketing,Software Engineer,15,10323,1,4,Yes,2,0
312,28,Marketing,Sales Executive,10,6255,4,3,No,5,1
313,57,Sales,Accountant,14,11281,3,5,Yes,4,1
314,41,Sales,Software Engineer,13,8213,3,3,No,2,0
315,22,IT,HR Specialist,5,7108,3,3,Yes,1,1
316,29,Finance,HR Specialist,6,6020,5,4,Yes,3,0
317,37,HR,Software Engineer,2,4857,3,3,Yes,4,0
318,35,Sales,Sales Executive,17,11996,5,5,Yes,2,0
319,33,Marketing,HR Specialist,4,12136,5,3,No,3,0
320,44,IT,Marketing Manager,14,5789,4,5,Yes,3,0
321,36,HR,Software Engineer,10,6875,1,3,No,3,0
322,49,IT,Software Engineer,3,10605,4,5,No,1,0
323,55,HR,HR Specialist,3,12802,4,3,Yes,5,0
324,23,HR,Sales Executive,15,11135,5,3,Yes,3,0
325,53,Sales,Marketing Manager,6,14115,5,2,No,4,0
326,44,IT,Sales Executive,17,9055,3,5,No,2,1
327,43,IT,Accountant,12,6882,3,5,Yes,4,0
328,46,Marketing,Accountant,11,14413,4,5,Yes,1,0
329,43,Marketing,HR Specialist,4,10175,2,1,Yes,1,0
330,43,Sales,HR Specialist,6,10129,2,3,Yes,4,0
331,27,Sales,HR Specialist,1,8021,3,5,Yes,5,1
332,36,Finance,Accountant,16,7735,2,1,No,1,0
333,58,Marketing,Sales Executive,15,5387,3,2,Yes,1,0
334,54,HR,Sales Executive,17,9582,5,5,Yes,4,0
335,29,IT,HR Specialist,8,12133,4,5,No,1,0
336,26,Sales,Marketing Manager,12,8866,1,1,Yes,5,1
337,25,IT,Sales Executive,10,5566,4,3,Yes,5,0
338,27,IT,Accountant,15,3975,3,2,No,5,0
339,53,Finance,Software Engineer,9,10212,3,5,Yes,2,0
340,51,Marketing,Software Engineer,2,12146,4,3,No,5,0
341,56,Sales,Software Engineer,5,4262,3,2,Yes,5,0
342,37,IT,Marketing Manager,6,8047,2,4,Yes,2,0
343,34,Sales,HR Specialist,7,12135,2,4,Yes,3,0
344,51,HR,Accountant,1,13394,3,2,No,1,0
345,40,Finance,Marketing Manager,7,10382,3,1,No,5,1
346,38,HR,Accountant,12,9231,2,2,No,1,0
347,40,Sales,Accountant,16,6327,3,2,No,4,0
348,49,Sales,HR Specialist,16,8630,3,1,Yes,1,0
349,47,Marketing,Software Engineer,11,5259,4,1,No,2,0
350,58,IT,HR Specialist,4,13020,1,3,No,1,0
351,47,IT,Marketing Manager,13,4257,2,3,No,1,0
352,44,HR,Marketing Manager,7,3464,4,1,Yes,1,0
353,30,Finance,Marketing Manager,4,6294,1,4,Yes,3,0
354,33,IT,HR Specialist,15,9774,3,4,No,3,1
355,22,Marketing,Accountant,19,10431,3,2,No,4,0
356,22,HR,Accountant,9,4230,4,5,Yes,2,0
357,55,HR,Sales Executive,11,13846,3,2,No,1,0
358,53,Marketing,Marketing Manager,8,12076,5,2,No,1,1
359,46,Finance,Accountant,1,6805,4,5,No,1,1
360,22,Marketing,Sales Executive,8,9419,1,1,No,1,0
361,37,Finance,Accountant,13,8750,4,4,Yes,3,0
362,26,Marketing,Marketing Manager,4,6856,2,2,Yes,4,0
363,43,Marketing,Software Engineer,8,6135,4,5,Yes,5,0
364,50,Sales,Marketing Manager,3,9953,3,3,No,2,1
365,24,HR,HR Specialist,9,12116,3,2,No,1,0
366,33,Marketing,Accountant,2,9034,5,4,Yes,4,0
367,47,Marketing,Accountant,2,7589,5,1,Yes,5,0
368,37,IT,HR Specialist,13,4546,5,2,Yes,4,0
369,58,HR,HR Specialist,15,9065,1,2,No,3,0
370,43,IT,Software Engineer,12,4094,5,5,Yes,5,0
371,50,HR,Accountant,4,5411,1,3,No,4,0
372,35,IT,Accountant,8,5617,5,3,No,3,0
373,49,Marketing,Software Engineer,9,11954,1,1,Yes,4,0
374,26,Marketing,Sales Executive,5,13515,4,4,Yes,4,0
375,51,Sales,Software Engineer,18,7145,4,1,No,5,0
376,26,IT,Marketing Manager,11,5775,3,2,Yes,3,0
377,33,Finance,Accountant,15,9628,1,2,Yes,1,0
378,37,Sales,HR Specialist,9,6155,2,3,No,2,1
379,47,IT,Marketing Manager,17,6970,3,4,No,5,1
380,47,IT,Accountant,12,10972,4,5,No,3,1
381,42,Sales,Software Engineer,7,13232,1,4,No,4,0
382,57,Marketing,Marketing Manager,10,11775,5,2,No,3,0
383,54,IT,Accountant,10,8415,2,5,Yes,2,0
384,51,Marketing,Sales Executive,13,7331,4,4,No,2,1
385,58,Sales,Sales Executive,19,13295,3,4,No,1,1
386,44,Marketing,HR Specialist,11,4942,1,5,No,1,1
387,31,HR,Accountant,13,9026,2,2,Yes,2,0
388,26,Finance,Sales Executive,8,11301,1,4,No,5,1
389,57,IT,Software Engineer,8,3191,5,5,No,5,0
390,55,Finance,Accountant,4,12095,3,2,No,4,0
391,52,Marketing,Software Engineer,15,3861,1,5,Yes,1,0
392,31,IT,Software Engineer,11,9711,4,5,No,4,0
393,40,Marketing,Sales Executive,11,12275,3,4,No,1,0
394,53,HR,Accountant,1,3649,4,2,No,2,0
395,22,Sales,Marketing Manager,17,7134,1,4,Yes,5,0
396,26,IT,Sales Executive,15,14803,3,1,Yes,5,0
397,25,HR,Sales Executive,6,10587,4,1,Yes,2,1
398,37,HR,Accountant,15,11828,5,2,Yes,4,0
399,45,IT,Accountant,9,4036,5,5,No,4,0
400,37,Marketing,Software Engineer,14,7131,1,4,No,3,1
401,23,HR,Accountant,18,5148,3,4,Yes,1,1
402,49,Finance,Software Engineer,17,14349,2,2,Yes,4,0
403,53,HR,Sales Executive,18,14779,3,2,No,2,0
404,48,Marketing,HR Specialist,5,14486,5,1,No,4,0
405,41,Marketing,Marketing Manager,9,8457,4,3,Yes,5,0
406,45,Finance,Sales Executive,11,9079,2,2,Yes,1,0
407,33,HR,Accountant,1,5430,1,3,Yes,3,1
408,56,Marketing,Marketing Manager,18,4879,2,2,Yes,1,0
409,54,IT,HR Specialist,6,14905,1,5,No,5,1
410,54,Sales,HR Specialist,2,10542,2,5,Yes,5,1
411,58,Sales,Software Engineer,15,5011,1,1,Yes,5,1
412,33,Sales,Marketing Manager,14,6373,1,1,No,5,0
413,24,HR,Software Engineer,5,13335,2,3,No,2,1
414,22,Finance,Sales Executive,6,10357,2,2,No,3,0
415,54,Marketing,Marketing Manager,6,13692,1,4,No,5,0
416,31,IT,Sales Executive,18,4289,5,1,No,5,0
417,50,IT,Software Engineer,14,4447,2,4,Yes,4,0
418,34,HR,Marketing Manager,10,6199,3,4,Yes,3,0
419,33,Sales,Software Engineer,14,9381,4,2,Yes,1,0
420,52,HR,Marketing Manager,13,13135,1,3,No,3,0
421,23,Finance,Software Engineer,3,10522,1,2,Yes,3,0
422,56,Finance,HR Specialist,6,9059,4,1,No,3,0
423,44,Marketing,Software Engineer,8,6183,5,4,Yes,5,0
424,38,Marketing,HR Specialist,12,8462,4,2,Yes,5,1
425,47,Finance,Software Engineer,13,6216,2,2,No,2,0
426,29,Finance,Marketing Manager,11,6136,4,2,No,1,0
427,50,Finance,Marketing Manager,12,6318,1,1,Yes,4,0
428,47,HR,Marketing Manager,1,5782,4,3,Yes,3,0
429,31,Finance,Accountant,17,12182,3,2,Yes,1,0
430,47,IT,Sales Executive,16,10657,2,1,Yes,1,0
431,55,Sales,Marketing Manager,11,7920,4,4,Yes,2,1
432,28,Finance,HR Specialist,13,13345,1,5,No,4,0
433,25,Sales,Marketing Manager,18,9324,2,1,No,3,0
434,32,HR,Accountant,11,9327,1,5,No,4,0
435,50,Sales,HR Specialist,12,11417,5,2,No,2,1
436,57,HR,Accountant,6,3776,3,2,Yes,5,0
437,46,IT,HR Specialist,9,14029,5,1,Yes,1,0
438,42,HR,Software Engineer,16,8208,3,5,No,3,0
439,57,HR,Sales Executive,4,3687,4,2,Yes,5,0
440,31,Marketing,Sales Executive,3,3529,2,4,No,2,0
441,58,Finance,Accountant,16,14634,4,3,Yes,4,0
442,30,Finance,Sales Executive,12,8067,3,3,Yes,1,0
443,45,IT,Accountant,11,11080,3,2,Yes,3,0
444,56,IT,Accountant,5,8518,3,5,No,5,0
445,56,Finance,Accountant,18,5153,1,2,No,5,0
446,57,Marketing,Sales Executive,19,12486,2,5,No,1,0
447,39,Finance,Accountant,6,9094,4,4,No,4,0
448,53,Marketing,Sales Executive,18,9974,4,5,Yes,2,1
449,45,IT,Accountant,6,12718,5,2,Yes,4,1
450,44,Sales,Marketing Manager,4,7774,3,4,Yes,4,0
451,53,IT,Accountant,12,10692,3,1,Yes,4,0
452,58,IT,HR Specialist,19,14088,3,3,No,1,0
453,33,HR,Accountant,2,6103,4,2,Yes,1,0
454,34,HR,Software Engineer,17,5440,5,2,Yes,2,0
455,44,HR,Accountant,11,7135,1,2,Yes,4,1
456,46,HR,HR Specialist,11,14994,2,4,No,1,0
457,56,Marketing,HR Specialist,16,10124,1,1,No,2,0
458,51,Finance,Sales Executive,2,8201,4,5,No,2,0
459,38,Sales,Marketing Manager,2,3844,3,1,Yes,4,0
460,41,IT,Accountant,8,3446,2,4,No,3,0
461,46,Marketing,Sales Executive,13,6915,4,2,Yes,4,0
462,43,Sales,Marketing Manager,10,6109,4,3,Yes,3,0
463,34,Marketing,Accountant,8,4234,4,2,Yes,2,1
464,40,Marketing,Software Engineer,4,9587,2,5,No,1,0
465,57,IT,Accountant,15,3226,2,3,No,5,1
466,33,Finance,HR Specialist,1,7143,5,2,Yes,2,1
467,40,HR,HR Specialist,11,10185,5,3,Yes,1,0
468,33,Finance,Software Engineer,7,14151,1,1,No,2,0
469,30,IT,Sales Executive,17,8558,2,4,No,4,0
470,28,IT,Marketing Manager,18,13022,2,2,No,3,1
471,49,IT,Accountant,12,14971,2,5,Yes,2,0
472,35,Sales,HR Specialist,9,3186,5,1,Yes,1,0
473,52,Finance,Sales Executive,5,14069,4,2,Yes,4,0
474,40,Finance,Software Engineer,10,5535,3,1,No,5,0
475,37,Marketing,HR Specialist,4,4932,5,5,No,4,1
476,26,Marketing,Software Engineer,5,14116,2,2,No,3,0
477,56,Marketing,Accountant,10,12040,5,5,Yes,4,0
478,33,IT,Marketing Manager,11,5032,1,3,Yes,5,0
479,46,Finance,HR Specialist,10,4252,2,5,No,1,1
480,42,IT,HR Specialist,8,8509,1,3,Yes,2,0
481,57,Sales,Accountant,2,8074,2,2,No,3,0
482,44,Marketing,Sales Executive,8,4881,5,3,Yes,5,0
483,37,IT,Marketing Manager,16,3269,4,2,No,3,0
484,35,IT,HR Specialist,5,4630,3,2,Yes,4,0
485,52,Sales,Marketing Manager,3,7405,1,4,Yes,3,0
486,26,HR,HR Specialist,12,14395,5,2,No,5,0
487,56,Finance,Marketing Manager,13,9139,4,3,No,2,0
488,44,HR,Software Engineer,13,4574,5,4,No,2,0
489,50,Marketing,HR Specialist,10,14084,1,4,No,3,0
490,32,IT,Marketing Manager,4,4695,3,2,No,1,0
491,39,Sales,Sales Executive,9,6258,5,5,Yes,3,1
492,33,Sales,Software Engineer,2,6262,2,5,No,4,1
493,30,Finance,Software Engineer,19,4445,4,4,No,2,0
494,31,HR,Sales Executive,1,9263,5,2,No,2,0
495,38,Finance,Marketing Manager,7,11411,4,5,Yes,2,0
496,59,IT,Accountant,17,3052,2,2,No,1,0
497,28,Finance,Sales Executive,3,12949,3,2,No,1,0
498,34,Sales,Marketing Manager,3,8570,3,4,No,5,0
499,30,Sales,Sales Executive,3,10579,2,4,Yes,3,0
500,48,Marketing,Sales Executive,17,4666,4,1,Yes,3,1
501,23,Marketing,HR Specialist,7,9901,5,5,No,4,0
502,26,IT,Marketing Manager,14,5785,2,5,Yes,2,0
503,50,HR,Accountant,17,3719,1,5,No,1,0
504,58,Finance,HR Specialist,18,11597,4,3,Yes,4,0
505,59,IT,Sales Executive,13,9855,3,2,No,4,0
506,40,Marketing,Sales Executive,18,5294,2,4,Yes,1,0
507,29,Finance,Sales Executive,4,11263,3,5,No,3,0
508,22,Marketing,Marketing Manager,1,13245,4,1,No,2,0
509,43,Finance,Marketing Manager,18,12421,3,5,Yes,3,1
510,38,HR,HR Specialist,1,12759,2,2,No,4,0
511,28,IT,Accountant,13,14874,4,2,No,2,0
512,46,Finance,HR Specialist,10,14145,1,4,No,5,0
513,25,Sales,Software Engineer,11,7482,2,3,No,4,0
514,57,Sales,Sales Executive,9,3698,5,4,Yes,3,0
515,27,Finance,Sales Executive,9,10243,2,5,No,3,0
516,52,Finance,Sales Executive,5,12018,4,1,Yes,3,1
517,40,Finance,HR Specialist,1,8918,2,4,Yes,1,1
518,48,Sales,HR Specialist,17,3348,1,3,Yes,4,0
519,31,Sales,Sales Executive,2,8374,1,4,Yes,2,1
520,47,Finance,HR Specialist,13,10869,5,2,No,3,0
521,40,Marketing,Marketing Manager,9,3307,3,5,No,3,0
522,24,Marketing,Marketing Manager,4,6416,4,5,Yes,1,0
523,34,HR,HR Specialist,5,13526,4,5,No,2,1
524,49,IT,Sales Executive,11,7820,3,5,Yes,4,0
525,41,Marketing,HR Specialist,19,14001,1,5,No,5,0
526,49,Sales,HR Specialist,3,6558,1,5,No,1,0
527,29,Marketing,HR Specialist,12,7478,2,1,No,4,0
528,22,HR,Software Engineer,19,14669,5,3,Yes,5,0
529,24,HR,Marketing Manager,19,9531,5,5,Yes,3,1
530,34,IT,Accountant,13,7620,5,3,No,3,0
531,49,Marketing,Accountant,7,13878,2,5,Yes,2,0
532,46,Sales,Software Engineer,15,5985,5,4,Yes,5,0
533,54,Sales,HR Specialist,7,11112,3,5,No,3,0
534,59,Finance,Software Engineer,8,11467,2,2,Yes,3,0
535,27,Sales,Software Engineer,5,5547,3,1,No,2,0
536,53,IT,Sales Executive,14,13956,2,4,No,4,0
537,42,IT,Marketing Manager,4,3336,5,4,No,3,0
538,37,Sales,Accountant,10,13165,3,2,Yes,1,0
539,42,Sales,HR Specialist,15,5979,3,5,No,1,0
540,32,Finance,Accountant,18,6968,3,1,No,4,0
541,58,Sales,Accountant,13,3910,2,4,Yes,5,0
542,57,Finance,Marketing Manager,8,4996,4,1,Yes,2,1
543,56,Finance,Accountant,9,6129,5,4,Yes,1,0
544,40,Sales,Accountant,16,8447,3,5,Yes,1,0
545,41,HR,Software Engineer,19,9129,4,4,No,4,0
546,39,HR,Marketing Manager,16,8850,5,4,Yes,5,0
547,35,Finance,Sales Executive,7,7204,5,3,Yes,5,1
548,36,Sales,HR Specialist,14,10446,3,5,Yes,4,0
549,52,HR,Accountant,14,14949,3,2,Yes,1,0
550,22,Sales,HR Specialist,4,11519,2,2,No,2,0
551,24,Sales,Sales Executive,15,12991,4,5,Yes,1,0
552,37,Sales,HR Specialist,3,3314,4,2,No,5,1
553,44,Marketing,Sales Executive,5,14737,3,5,Yes,1,0
554,32,Sales,Software Engineer,1,4134,5,2,No,2,0
555,33,Marketing,Accountant,3,13938,3,3,No,3,0
556,31,Finance,Sales Executive,15,7876,5,2,Yes,1,0
557,53,HR,HR Specialist,8,11102,5,4,No,4,1
558,37,HR,Accountant,4,12712,3,5,Yes,3,0
559,29,HR,Software Engineer,2,11347,1,1,No,4,0
560,59,HR,Accountant,10,8592,4,1,No,4,0
561,33,HR,Sales Executive,4,4724,5,5,No,4,0
562,45,HR,Software Engineer,3,6343,5,3,Yes,1,0
563,49,HR,HR Specialist,2,3886,1,2,No,5,0
564,29,Finance,Software Engineer,17,14265,2,3,Yes,3,0
565,49,Sales,Software Engineer,13,13997,1,1,No,2,0
566,57,IT,Marketing Manager,5,3721,1,5,No,5,0
567,47,Marketing,Software Engineer,9,10678,5,5,No,1,1
568,29,IT,Software Engineer,6,12104,4,3,No,4,0
569,49,IT,Accountant,5,6357,1,3,No,2,0
570,49,Sales,HR Specialist,10,3870,2,2,No,3,0
571,58,Sales,Accountant,8,9751,3,4,Yes,5,0
572,57,Sales,Accountant,7,3497,1,4,Yes,5,0
573,48,HR,Sales Executive,7,4756,1,2,Yes,2,1
574,38,Finance,Accountant,6,4117,2,4,No,1,0
575,30,HR,Marketing Manager,3,14601,4,1,Yes,3,0
576,54,Finance,Marketing Manager,19,5828,1,4,No,2,0
577,41,Finance,Sales Executive,15,4647,1,2,Yes,4,0
578,34,IT,HR Specialist,4,9992,4,4,Yes,3,0
579,49,IT,HR Specialist,12,14175,2,5,No,5,0
580,50,Finance,Accountant,6,9771,1,3,No,2,0
581,34,Finance,Accountant,19,3142,4,1,Yes,5,0
582,56,HR,Accountant,4,5761,1,5,Yes,5,0
583,27,HR,HR Specialist,15,6435,3,5,Yes,5,0
584,39,IT,Software Engineer,9,9622,5,2,Yes,1,0
585,26,Sales,Marketing Manager,5,13623,3,3,No,5,0
586,46,Finance,Software Engineer,13,10069,1,3,Yes,4,0
587,23,HR,Software Engineer,18,7512,2,1,No,4,0
588,31,IT,HR Specialist,5,4848,5,2,No,3,0
589,51,HR,Software Engineer,16,5696,3,1,Yes,5,0
590,26,Finance,Sales Executive,19,4717,4,4,No,5,0
591,54,Finance,Accountant,14,6072,2,5,Yes,2,0
592,22,Marketing,Sales Executive,16,12259,3,1,No,1,0
593,39,Sales,Marketing Manager,15,5786,4,5,No,3,0
594,53,Marketing,Accountant,4,6791,1,2,Yes,5,0
595,32,IT,Software Engineer,7,12480,4,4,No,2,1
596,42,HR,Marketing Manager,16,6871,3,2,No,1,0
597,47,IT,Accountant,8,4806,3,4,Yes,3,0
598,46,Finance,Software Engineer,17,4504,1,4,No,3,0
599,43,Marketing,Sales Executive,16,6308,4,5,No,5,0
600,48,Marketing,Accountant,10,10117,4,2,Yes,3,0
601,34,Marketing,Software Engineer,10,8048,1,2,Yes,2,0
602,54,IT,Sales Executive,2,14143,4,1,No,3,0
603,55,Finance,Marketing Manager,9,11263,1,2,No,4,0
604,56,HR,Marketing Manager,17,4690,2,1,No,2,0
605,22,HR,Marketing Manager,11,12536,3,3,Yes,1,0
606,42,IT,Marketing Manager,10,6303,2,3,No,1,0
607,27,Marketing,HR Specialist,17,6113,5,3,No,5,0
608,49,Sales,Accountant,4,12074,5,2,No,5,0
609,38,IT,Accountant,16,13854,5,2,No,4,0
610,26,IT,HR Specialist,15,10850,1,1,No,1,0
611,52,Finance,Software Engineer,5,9416,4,4,No,1,0
612,26,HR,Software Engineer,6,4504,2,1,Yes,1,0
613,59,IT,Marketing Manager,17,13655,2,3,Yes,1,0
614,24,IT,Sales Executive,1,13745,2,1,No,3,1
615,44,Marketing,Software Engineer,19,11924,2,4,No,2,1
616,58,Marketing,Sales Executive,4,12940,5,2,Yes,2,0
617,58,Sales,Accountant,17,6924,2,1,Yes,4,0
618,31,Finance,Sales Executive,9,11615,4,3,Yes,3,0
619,31,Sales,Accountant,2,14670,5,3,No,1,0
620,40,Marketing,HR Specialist,8,12783,2,2,No,1,0
621,38,HR,HR Specialist,15,7485,1,1,No,5,0
622,42,Marketing,Marketing Manager,7,11100,3,4,No,5,1
623,35,Finance,Software Engineer,6,11684,3,2,Yes,4,0
624,30,Marketing,Marketing Manager,1,3191,3,1,Yes,1,0
625,22,Finance,Accountant,15,11690,5,5,Yes,4,0
626,34,Finance,Marketing Manager,7,7917,2,3,Yes,3,1
627,25,Finance,Sales Executive,17,8831,5,4,No,2,0
628,22,Finance,Accountant,2,12448,4,4,No,1,0
629,53,Finance,HR Specialist,9,13160,1,4,Yes,3,0
630,55,HR,Software Engineer,9,7322,1,3,Yes,1,1
631,49,Sales,Accountant,13,13378,3,1,Yes,5,0
632,52,IT,Accountant,6,9999,3,2,Yes,4,1
633,29,Sales,Sales Executive,6,12008,3,1,Yes,5,0
634,47,Finance,Software Engineer,3,14412,2,2,No,2,0
635,55,HR,HR Specialist,17,10282,4,4,No,5,0
636,24,Marketing,Accountant,17,12665,4,1,Yes,1,0
637,33,HR,Accountant,12,12278,4,4,Yes,5,0
638,22,Finance,Sales Executive,16,4874,4,5,Yes,1,1
639,26,HR,Marketing Manager,15,12062,3,4,No,2,0
640,51,HR,HR Specialist,13,7763,1,4,No,5,0
641,51,Finance,Software Engineer,1,13234,3,2,No,4,0
642,38,HR,Accountant,17,11464,4,5,Yes,4,0
643,44,IT,Accountant,3,12221,3,4,No,4,0
644,36,IT,HR Specialist,15,14410,4,4,Yes,5,0
645,58,HR,Marketing Manager,4,4051,5,5,No,5,0
646,42,Marketing,Accountant,4,12765,1,5,No,5,0
647,35,Finance,HR Specialist,18,14382,5,1,No,1,1
648,23,IT,Sales Executive,17,10538,2,2,Yes,2,0
649,32,Marketing,Marketing Manager,19,10411,3,5,Yes,4,1
650,59,HR,Software Engineer,11,14989,2,5,No,1,0
651,55,Marketing,Accountant,3,14481,3,3,Yes,4,0
652,59,Sales,HR Specialist,8,9320,5,5,Yes,1,0
653,55,IT,Sales Executive,14,14939,4,2,Yes,5,0
654,39,HR,Software Engineer,1,5105,4,4,Yes,4,1
655,51,Finance,HR Specialist,14,3307,3,4,Yes,5,0
656,36,HR,HR Specialist,2,10737,4,4,Yes,4,0
657,48,Finance,Software Engineer,4,6359,5,4,Yes,3,1
658,55,HR,Sales Executive,19,6176,4,3,No,1,0
659,59,Marketing,Sales Executive,6,4251,5,5,Yes,3,0
660,54,Marketing,Marketing Manager,1,8366,2,4,Yes,1,0
661,45,Marketing,Accountant,17,13939,5,1,No,2,1
662,36,Sales,Software Engineer,8,4517,1,4,No,4,0
663,51,Finance,Software Engineer,19,9226,1,5,No,2,0
664,38,Marketing,Software Engineer,1,8305,1,4,No,2,0
665,26,Sales,Sales Executive,5,12570,3,3,Yes,1,1
666,50,Finance,Accountant,16,8869,3,2,No,3,0
667,25,HR,Marketing Manager,6,11039,3,2,No,5,0
668,31,Sales,HR Specialist,8,7891,5,5,Yes,1,0
669,38,IT,HR Specialist,13,7992,3,2,Yes,5,1
670,31,Sales,Software Engineer,16,4961,2,2,Yes,2,1
671,38,Sales,Accountant,3,5863,1,1,No,5,1
672,41,Finance,Sales Executive,19,13848,5,5,Yes,3,0
673,45,HR,Accountant,12,13686,1,5,No,1,0
674,26,IT,Accountant,16,9603,3,2,Yes,3,0
675,55,Marketing,Sales Executive,11,7567,5,2,Yes,3,1
676,27,Marketing,Software Engineer,10,9513,4,2,No,1,0
677,23,Sales,Accountant,4,7005,2,3,Yes,3,0
678,34,Finance,HR Specialist,12,14755,3,4,Yes,4,0
679,32,Finance,Sales Executive,2,12114,3,3,Yes,4,0
680,44,Marketing,Marketing Manager,19,14151,2,5,Yes,4,0
681,37,IT,Software Engineer,5,3183,2,1,Yes,5,0
682,52,HR,Sales Executive,8,10755,4,4,No,3,0
683,32,IT,Marketing Manager,7,6358,3,1,No,1,0
684,37,HR,Marketing Manager,14,9615,3,5,Yes,1,0
685,29,Marketing,Accountant,3,12590,1,5,No,5,0
686,25,HR,Accountant,18,9797,5,1,No,1,0
687,25,Finance,Accountant,16,13988,5,1,No,4,0
688,46,Sales,Sales Executive,19,11728,1,1,Yes,3,0
689,24,Sales,Sales Executive,19,10678,5,5,Yes,1,0
690,53,Marketing,Software Engineer,18,8698,2,2,Yes,1,0
691,24,Finance,Accountant,16,4273,5,1,No,2,0
692,48,IT,Marketing Manager,8,14159,5,4,No,2,0
693,50,Finance,HR Specialist,1,9653,1,5,Yes,2,0
694,53,Sales,Software Engineer,17,14241,4,3,Yes,3,1
695,40,Sales,Sales Executive,12,4096,5,3,No,4,0
696,42,Finance,Software Engineer,11,12497,5,4,No,4,0
697,26,Finance,Software Engineer,5,12107,4,2,Yes,4,0
698,39,Sales,Software Engineer,12,14273,1,1,No,3,0
699,49,IT,Software Engineer,17,11002,4,5,No,3,0
700,43,Marketing,HR Specialist,6,7247,1,1,No,2,0
701,42,Marketing,Accountant,1,12220,2,5,No,1,0
702,27,Finance,Marketing Manager,5,8314,1,3,No,5,0
703,22,Marketing,Software Engineer,14,13169,2,1,No,5,1
704,26,Sales,Software Engineer,5,6354,2,4,No,1,0
705,33,Sales,Software Engineer,1,13703,1,2,Yes,2,0
706,47,Finance,Accountant,18,3270,3,4,Yes,1,0
707,55,Finance,Sales Executive,16,4186,1,2,No,1,0
708,35,Finance,Sales Executive,9,14956,5,1,No,5,1
709,47,IT,HR Specialist,19,9305,5,1,No,2,0
710,48,Marketing,Sales Executive,5,5398,3,2,Yes,3,1
711,30,Finance,Software Engineer,2,9995,2,3,Yes,5,0
712,47,HR,Software Engineer,15,10299,3,5,No,3,0
713,43,HR,Software Engineer,7,7182,5,4,Yes,2,0
714,51,Sales,HR Specialist,4,12903,3,4,No,1,0
715,38,Marketing,Software Engineer,1,5230,1,4,No,4,0
716,47,Finance,Sales Executive,13,9511,3,1,No,4,0
717,57,HR,Accountant,7,3128,2,4,No,2,0
718,22,Marketing,Accountant,15,12461,1,5,No,4,0
719,29,Sales,Marketing Manager,14,6672,4,5,No,3,1
720,56,IT,Sales Executive,19,12793,5,2,No,4,0
721,36,Marketing,Software Engineer,18,7765,5,1,Yes,2,0
722,43,Marketing,Accountant,10,6970,3,5,No,2,0
723,35,IT,Sales Executive,9,10545,1,3,Yes,3,0
724,47,Marketing,Accountant,8,8552,4,1,No,4,0
725,49,Sales,Software Engineer,10,3627,1,1,No,4,1
726,44,Sales,Accountant,17,14989,5,5,Yes,1,1
727,35,IT,Marketing Manager,2,9589,1,3,Yes,5,0
728,45,Finance,Marketing Manager,6,5044,4,2,No,2,1
729,23,HR,Accountant,5,14744,3,5,Yes,1,0
730,47,Finance,Sales Executive,9,5341,2,3,No,2,0
731,35,Marketing,Sales Executive,5,8884,1,1,No,1,0
732,28,HR,Sales Executive,18,14406,2,3,Yes,5,0
733,24,IT,Accountant,9,11185,5,1,Yes,1,0
734,44,IT,Sales Executive,17,3249,3,5,Yes,2,0
735,39,HR,Software Engineer,17,5925,3,5,Yes,4,0
736,59,Sales,Marketing Manager,12,8043,1,4,No,2,0
737,56,HR,Software Engineer,7,3974,3,4,Yes,3,0
738,36,Marketing,Sales Executive,3,12517,1,4,Yes,3,1
739,46,Sales,Software Engineer,10,10192,1,5,Yes,3,0
740,58,IT,Sales Executive,2,12175,2,2,Yes,3,0
741,49,HR,Accountant,3,12080,3,5,Yes,5,0
742,31,Finance,Software Engineer,16,14129,1,3,No,4,0
743,38,Finance,Accountant,2,13309,2,5,No,4,0
744,43,Marketing,Accountant,10,5672,4,5,Yes,2,0
745,47,Finance,HR Specialist,6,10279,2,1,Yes,1,0
746,46,HR,Sales Executive,11,10531,2,1,No,2,0
747,38,HR,Marketing Manager,7,12518,1,1,Yes,2,0
748,34,Finance,Sales Executive,15,11662,5,5,No,2,0
749,41,HR,Marketing Manager,6,4987,5,2,No,2,0
750,46,Marketing,Sales Executive,9,3090,5,3,Yes,4,0
751,25,Sales,Accountant,12,11721,2,3,No,1,1
752,31,Marketing,Software Engineer,19,7059,1,2,Yes,2,0
753,24,Marketing,Software Engineer,3,5773,3,2,Yes,4,1
754,39,HR,HR Specialist,15,12878,2,3,No,2,0
755,57,Sales,Marketing Manager,2,11383,2,4,No,3,1
756,43,HR,Marketing Manager,2,13178,1,1,Yes,2,0
757,55,IT,Marketing Manager,3,14815,4,1,No,2,0
758,29,HR,Accountant,6,10409,2,3,Yes,5,1
759,40,HR,Marketing Manager,15,13377,4,2,No,3,0
760,58,HR,Software Engineer,10,7440,4,4,No,1,0
761,27,Sales,Accountant,9,10347,5,3,Yes,2,0
762,47,HR,Sales Executive,1,4008,1,1,Yes,1,0
763,55,Sales,Marketing Manager,16,6783,4,5,Yes,3,1
764,27,Finance,Marketing Manager,6,9646,1,2,No,2,0
765,58,IT,Sales Executive,9,7298,5,5,Yes,5,0
766,54,Sales,Marketing Manager,4,7668,1,3,Yes,4,0
767,43,Finance,Sales Executive,2,7287,2,1,No,5,0
768,42,Sales,Accountant,4,5052,4,4,No,5,0
769,27,Sales,Software Engineer,1,9009,1,5,Yes,4,0
770,27,IT,Sales Executive,19,14500,3,4,Yes,4,0
771,25,Marketing,HR Specialist,10,4716,1,1,Yes,4,0
772,51,Marketing,Sales Executive,15,3310,4,5,Yes,2,1
773,32,Sales,Marketing Manager,19,7538,5,4,No,1,0
774,51,HR,Accountant,16,4260,5,4,No,1,0
775,52,Finance,Accountant,4,6932,4,5,Yes,4,0
776,45,HR,Sales Executive,2,14460,2,1,Yes,5,0
777,30,HR,Software Engineer,13,3584,2,4,Yes,3,0
778,24,Sales,HR Specialist,1,13991,5,3,No,4,1
779,52,Sales,Accountant,17,10616,5,5,Yes,5,0
780,58,Sales,Marketing Manager,13,11551,4,2,Yes,5,1
781,57,Sales,Marketing Manager,4,5866,2,2,No,2,0
782,45,Marketing,Software Engineer,7,8898,5,1,No,2,0
783,52,Sales,Accountant,17,5011,2,3,Yes,1,0
784,27,Marketing,Sales Executive,9,9251,5,4,Yes,1,0
785,23,Marketing,Marketing Manager,4,7939,1,2,No,3,0
786,41,Sales,Software Engineer,19,7006,3,1,Yes,3,1
787,49,IT,Accountant,1,4625,1,3,Yes,3,0
788,32,Finance,Accountant,10,13956,5,3,No,3,1
789,25,HR,Accountant,4,3890,3,1,No,5,0
790,36,Marketing,Accountant,9,9078,3,1,No,5,0
791,27,Finance,Accountant,13,10036,5,4,Yes,1,0
792,51,IT,Marketing Manager,14,11923,5,1,No,2,0
793,59,HR,Software Engineer,10,6961,2,4,No,2,1
794,23,HR,Accountant,6,5504,5,4,Yes,4,0
795,36,Marketing,HR Specialist,16,11806,4,5,Yes,5,0
796,32,Sales,HR Specialist,6,6806,5,3,No,3,0
797,29,IT,Software Engineer,17,9100,4,3,No,3,0
798,47,Marketing,Sales Executive,10,4719,5,3,Yes,4,0
799,26,IT,Sales Executive,18,9686,2,5,Yes,2,0
800,27,Sales,Sales Executive,18,4587,4,4,No,3,0
801,47,Sales,HR Specialist,3,10000,1,4,No,2,0
802,25,Marketing,Sales Executive,15,12803,4,1,Yes,4,0
803,40,Sales,Marketing Manager,15,3896,2,5,No,2,0
804,41,Finance,Accountant,4,8558,4,1,Yes,2,0
805,54,HR,HR Specialist,9,11469,5,5,No,2,0
806,41,Marketing,Software Engineer,19,7647,5,1,Yes,3,0
807,33,IT,Software Engineer,17,12828,2,2,Yes,1,0
808,22,Finance,Accountant,11,13350,3,3,No,5,0
809,47,Marketing,HR Specialist,9,5432,5,3,No,2,0
810,35,Sales,Sales Executive,10,6904,1,4,Yes,2,0
811,59,Sales,Sales Executive,18,14454,2,2,No,2,0
812,58,Sales,Marketing Manager,13,9837,4,3,No,1,0
813,32,Sales,Marketing Manager,8,4449,4,4,No,4,1
814,57,IT,Sales Executive,7,7500,1,2,Yes,3,0
815,34,Finance,Software Engineer,17,8454,5,3,No,1,0
816,24,HR,Software Engineer,15,12424,2,1,No,2,0
817,54,IT,Marketing Manager,15,7117,1,5,Yes,1,0
818,27,IT,Accountant,1,11869,5,2,No,1,0
819,31,HR,Sales Executive,14,13850,2,4,No,1,0
820,26,HR,Marketing Manager,5,5028,4,2,Yes,4,0
821,44,Sales,Marketing Manager,11,9845,2,4,Yes,5,0
822,31,IT,Sales Executive,16,6758,3,2,No,3,0
823,23,Marketing,Sales Executive,2,8904,2,4,No,4,0
824,34,HR,Software Engineer,8,7624,3,3,Yes,4,0
825,23,HR,Accountant,11,13229,2,1,Yes,5,0
826,41,Finance,Accountant,18,13841,3,3,No,4,0
827,22,Marketing,Sales Executive,3,11848,4,1,No,1,0
828,58,Marketing,HR Specialist,1,3165,5,3,No,1,1
829,30,HR,Marketing Manager,11,7591,3,3,Yes,2,0
830,38,Sales,Marketing Manager,16,3589,3,2,No,4,0
831,30,Finance,Sales Executive,18,7524,4,5,Yes,2,0
832,32,Marketing,HR Specialist,16,5821,3,4,Yes,3,1
833,36,HR,Software Engineer,10,9509,1,4,Yes,1,0
834,45,Marketing,Sales Executive,18,10693,4,4,No,3,0
835,59,Finance,Sales Executive,6,12454,1,1,No,5,0
836,56,Finance,Marketing Manager,19,3071,4,4,No,1,0
837,51,IT,Sales Executive,4,14708,3,4,Yes,3,1
838,52,HR,Sales Executive,13,6580,1,2,No,5,0
839,26,Finance,Sales Executive,14,10962,3,3,Yes,3,0
840,35,IT,Marketing Manager,3,3268,4,4,Yes,5,1
841,32,IT,Software Engineer,10,12968,3,5,Yes,5,0
842,30,Marketing,Software Engineer,6,5462,1,4,Yes,1,0
843,55,Marketing,Sales Executive,1,12460,1,1,Yes,2,0
844,33,IT,Marketing Manager,14,4015,3,1,Yes,5,0
845,56,Marketing,Software Engineer,8,13914,2,1,No,5,0
846,56,Finance,Software Engineer,19,12275,4,4,Yes,1,0
847,22,Sales,Software Engineer,14,10984,4,2,No,2,0
848,43,Finance,Marketing Manager,10,3406,3,5,Yes,4,0
849,50,IT,Marketing Manager,17,10384,2,4,No,4,1
850,29,IT,Sales Executive,9,9049,1,2,No,2,0
851,32,Finance,Accountant,6,9169,5,2,No,3,1
852,58,Marketing,Software Engineer,11,10982,5,4,No,1,0
853,35,Marketing,Accountant,7,14268,3,4,Yes,2,0
854,51,IT,Marketing Manager,17,3985,2,2,Yes,4,1
855,56,HR,Marketing Manager,1,14795,2,2,Yes,5,0
856,42,Marketing,Marketing Manager,5,7485,4,2,Yes,4,0
857,58,Finance,Accountant,9,11901,1,4,No,5,0
858,26,Marketing,Marketing Manager,18,5618,2,2,No,1,0
859,40,Finance,Sales Executive,2,9289,5,1,No,5,0
860,35,IT,Marketing Manager,11,12603,1,4,Yes,2,1
861,47,Marketing,HR Specialist,6,9928,1,1,No,5,0
862,25,Finance,Accountant,8,8368,3,3,Yes,3,0
863,46,IT,HR Specialist,4,7621,2,4,No,2,0
864,46,HR,Marketing Manager,18,12677,3,3,No,1,0
865,39,Finance,Sales Executive,11,14142,2,2,No,2,0
866,29,HR,Software Engineer,5,14126,4,2,No,3,0
867,35,HR,Marketing Manager,15,10566,3,5,No,1,0
868,53,Sales,Sales Executive,18,7670,3,2,Yes,4,0
869,59,Marketing,Accountant,2,10658,5,3,No,3,1
870,54,Finance,HR Specialist,11,4003,3,2,Yes,1,0
871,44,HR,HR Specialist,13,13658,2,4,Yes,5,0
872,36,Sales,HR Specialist,4,10504,5,2,Yes,2,0
873,54,IT,Accountant,7,5466,3,5,Yes,1,0
874,46,Finance,Sales Executive,11,13130,3,2,Yes,2,0
875,38,HR,Accountant,4,4939,4,3,Yes,5,1
876,54,Marketing,HR Specialist,15,4635,3,3,Yes,1,0
877,23,Sales,Marketing Manager,1,12890,1,2,Yes,4,1
878,35,HR,Software Engineer,3,11095,5,3,No,3,0
879,27,Marketing,Accountant,14,9265,1,3,No,1,1
880,27,HR,Accountant,6,13283,5,5,Yes,5,0
881,24,Finance,Sales Executive,18,4895,4,4,Yes,1,1
882,28,Finance,Sales Executive,1,9524,3,5,Yes,2,0
883,29,Finance,Accountant,6,14590,3,1,No,1,0
884,36,Sales,HR Specialist,6,4073,3,5,No,4,1
885,50,Finance,Software Engineer,16,8184,5,2,Yes,1,0
886,54,Marketing,Sales Executive,5,5402,3,4,Yes,3,0
887,51,HR,HR Specialist,17,7895,1,2,No,1,0
888,48,IT,Marketing Manager,10,10331,3,1,No,2,1
889,57,Marketing,Sales Executive,18,14404,4,4,Yes,1,0
890,50,Marketing,HR Specialist,7,12343,1,3,Yes,4,0
891,59,Finance,HR Specialist,3,13637,3,5,Yes,5,0
892,54,Sales,Software Engineer,13,4956,3,2,Yes,1,0
893,58,HR,Software Engineer,15,10023,2,1,No,1,1
894,48,Sales,Marketing Manager,19,6907,5,3,No,3,0
895,54,HR,HR Specialist,3,3807,1,5,Yes,4,0
896,25,HR,HR Specialist,4,11378,2,3,Yes,5,1
897,43,Sales,Software Engineer,5,7827,4,5,Yes,2,0
898,23,Marketing,Sales Executive,1,7524,5,4,No,1,0
899,31,HR,Sales Executive,4,12499,1,3,Yes,5,0
900,26,Sales,Accountant,12,5284,3,3,Yes,2,0
901,31,HR,Software Engineer,10,8313,1,3,Yes,4,0
902,54,IT,Accountant,13,3757,3,4,No,4,0
903,59,Marketing,Software Engineer,14,7887,5,1,Yes,5,0
904,34,Finance,Marketing Manager,5,6854,3,5,No,2,0
905,52,HR,HR Specialist,4,13398,4,3,Yes,4,0
906,57,IT,Marketing Manager,14,6558,3,4,Yes,5,0
907,45,Finance,Software Engineer,10,12772,4,1,Yes,4,0
908,36,Finance,HR Specialist,17,3961,5,5,No,4,0
909,50,HR,Sales Executive,10,6847,5,4,Yes,4,0
910,29,Sales,Sales Executive,7,9726,1,5,Yes,3,0
911,26,HR,Accountant,16,6575,4,3,No,2,0
912,50,IT,Software Engineer,1,12067,4,1,No,5,0
913,25,Finance,Software Engineer,17,5418,2,4,No,5,0
914,33,HR,Sales Executive,9,7198,2,1,Yes,2,0
915,23,Sales,Marketing Manager,6,4001,2,3,No,2,0
916,48,HR,HR Specialist,19,8244,3,1,Yes,2,0
917,52,Marketing,Marketing Manager,13,14576,2,1,No,2,1
918,57,Sales,Marketing Manager,3,10119,4,2,No,1,1
919,57,IT,Sales Executive,7,7066,3,1,No,5,0
920,47,Finance,Sales Executive,9,5845,5,5,Yes,1,0
921,48,HR,Sales Executive,5,12673,1,4,Yes,4,0
922,26,Sales,Accountant,10,14493,2,2,Yes,4,0
923,41,Marketing,Marketing Manager,17,11849,5,4,Yes,5,0
924,32,Sales,Software Engineer,12,8316,4,4,Yes,4,0
925,31,Marketing,HR Specialist,16,13972,1,3,Yes,2,0
926,59,IT,Accountant,3,3422,5,3,Yes,1,0
927,27,Finance,Software Engineer,9,9715,1,2,Yes,2,0
928,29,IT,Marketing Manager,15,14873,2,3,Yes,4,0
929,44,HR,Sales Executive,5,7266,4,3,No,1,0
930,47,Sales,Marketing Manager,13,10549,1,3,No,2,0
931,33,Marketing,HR Specialist,14,9316,5,4,Yes,5,0
932,47,Marketing,Accountant,15,5710,2,2,Yes,2,0
933,34,Sales,Accountant,16,11644,2,4,Yes,4,0
934,39,Sales,HR Specialist,13,13589,5,5,Yes,1,0
935,46,HR,Software Engineer,17,11069,5,4,No,5,0
936,54,IT,Software Engineer,8,13167,1,5,No,1,0
937,33,Marketing,Accountant,2,4657,3,1,Yes,5,1
938,57,HR,Accountant,5,5541,2,1,No,1,1
939,25,IT,Sales Executive,6,9763,1,5,No,4,0
940,26,HR,Software Engineer,12,6075,5,5,Yes,5,0
941,58,Marketing,HR Specialist,18,6164,1,4,Yes,3,0
942,29,Sales,Software Engineer,1,14158,5,5,Yes,1,1
943,49,Sales,Sales Executive,17,5053,4,2,Yes,1,0
944,52,IT,Accountant,11,11479,5,1,No,2,1
945,30,Finance,Accountant,10,8737,5,1,Yes,5,0
946,50,IT,Sales Executive,19,6217,5,5,No,3,0
947,35,Finance,HR Specialist,14,4447,3,3,Yes,4,1
948,43,HR,Accountant,10,9009,5,3,No,2,0
949,32,HR,Marketing Manager,15,3607,2,5,Yes,3,0
950,44,Marketing,Accountant,19,7552,2,2,Yes,5,0
951,22,Finance,Marketing Manager,4,4764,1,3,No,3,0
952,58,Marketing,Sales Executive,2,12417,3,5,No,1,0
953,42,Sales,Sales Executive,9,12427,1,2,No,1,0
954,47,Finance,Accountant,10,12221,2,2,Yes,2,0
955,57,IT,Software Engineer,11,5671,2,4,No,5,0
956,44,Sales,Marketing Manager,14,9519,4,2,No,5,1
957,22,Sales,HR Specialist,7,6962,5,3,No,3,0
958,36,IT,Accountant,15,6177,2,3,No,2,0
959,42,Sales,HR Specialist,19,6722,1,5,No,5,0
960,30,Finance,Accountant,15,7906,1,5,No,1,0
961,30,Marketing,Software Engineer,8,10263,5,2,No,3,0
962,31,Sales,Software Engineer,11,8054,5,1,No,4,1
963,47,Finance,Software Engineer,9,12667,4,4,No,1,0
964,56,HR,Software Engineer,15,14088,3,1,Yes,2,0
965,46,Finance,Sales Executive,1,3808,1,2,Yes,5,0
966,47,Marketing,Sales Executive,1,12170,5,2,No,1,0
967,32,Finance,Marketing Manager,19,13655,1,1,Yes,4,1
968,59,IT,HR Specialist,3,3725,5,4,Yes,4,0
969,23,Marketing,Accountant,10,13693,2,1,No,2,0
970,28,HR,Accountant,8,14554,1,5,No,1,0
971,39,IT,Sales Executive,15,10701,2,3,No,3,0
972,48,Finance,Accountant,10,4216,1,5,No,1,0
973,55,Marketing,Sales Executive,1,7051,3,3,No,4,0
974,48,HR,Marketing Manager,18,5197,4,2,No,2,0
975,38,IT,HR Specialist,2,5806,2,4,Yes,2,0
976,45,HR,Marketing Manager,19,11970,5,1,No,3,0
977,46,Finance,Software Engineer,13,3972,3,4,Yes,2,1
978,28,HR,Software Engineer,1,14002,1,1,No,2,1
979,27,Sales,Software Engineer,2,8634,2,5,No,2,0
980,45,IT,Marketing Manager,16,10483,1,5,Yes,2,0
981,54,HR,Accountant,15,5123,1,1,No,2,0
982,50,Finance,HR Specialist,13,11790,1,4,No,4,0
983,43,Finance,Software Engineer,16,14533,4,1,Yes,1,0
984,47,HR,Software Engineer,17,3224,4,2,No,5,0
985,49,Finance,Software Engineer,7,12032,5,5,Yes,2,1
986,42,Marketing,HR Specialist,17,4814,2,2,No,5,1
987,28,Marketing,Software Engineer,7,4106,3,5,No,5,0
988,38,Marketing,HR Specialist,13,3124,3,5,Yes,4,0
989,41,Sales,Software Engineer,5,6246,3,3,No,2,0
990,41,HR,Marketing Manager,17,5931,1,2,Yes,5,0
991,43,Sales,Marketing Manager,3,5971,4,2,Yes,2,0
992,49,Finance,HR Specialist,7,5017,2,3,Yes,3,0
993,28,Sales,Marketing Manager,17,10415,1,4,No,3,1
994,22,Finance,HR Specialist,7,5415,4,2,No,3,0
995,53,Finance,Marketing Manager,1,6096,4,1,Yes,5,0
996,34,IT,Marketing Manager,17,4609,2,3,No,3,0
997,51,Marketing,HR Specialist,17,3717,2,2,No,4,0
998,44,Finance,Accountant,11,6561,2,4,No,4,0
999,40,IT,Marketing Manager,3,12208,1,2,Yes,5,1
1000,53,Marketing,Software Engineer,15,14757,5,5,No,2,0
